Extrinsic ID,Block,Extrinsic Hash,Block Timestamp,Action
887086-2,887086,0x0dea8113dc9284b8a85788a37f0949fb1b0c5c48efcae9aa7058ad20983a59d9,2020-04-19 10:32:12,identity(IdentitySet)
887076-2,887076,0xe1efcb3654f6fae036a6b2317204bb9d3273dd053de1953eb2e50804d2cf3a02,2020-04-19 10:31:12,identity(IdentitySet)
882277-2,882277,0x4a4fa5540aadf8e32158262cd3b032df10500906ce2fa59cc68f38c1b096c882,2020-04-19 02:27:36,identity(IdentitySet)
876699-2,876699,0x039a3d5aef9e4ff7c92ecb5cf90410f60bccc5dd25a3b965e591868e2fb61719,2020-04-18 17:03:54,identity(IdentitySet)
832326-3,832326,0x7295632815f2dfec1a4a8ac1d86096668010f71266bdf286b946d42f80d048e1,2020-04-15 14:30:24,identity(IdentitySet)
832217-3,832217,0xa2a0120fa10811becd7825fb297b48055ee8abf2b69928e1a80cd63ef040293f,2020-04-15 14:19:24,identity(IdentitySet)
669114-2,669114,0xfa3a8d57cc6598ed46afbfa6da466cc71471a15c4dc6eda1efbc27511993fa7e,2020-04-04 04:44:48,identity(IdentitySet)
560939-2,560939,0x80d17e01ee3a64cd11b644502a6623dee8746d9f34521ea7d689f05634c88603,2020-03-27 15:21:24,identity(IdentitySet)
560906-2,560906,0x5e60f97b0cb20fdab5ad09f502e7108a380aaa862ce7c0c921f06fc8706131cb,2020-03-27 15:18:06,identity(IdentitySet)
551814-2,551814,0xa7a3c706e6eef847996d0a5e884947ea87038c80c4e23bff5da07ac1be18e558,2020-03-27 00:03:36,identity(IdentitySet)
520150-2,520150,0xdcd9886a74ccbbc8644ffdf26cc6f62e8893dbd45710a8a3d7e4213787d3553d,2020-03-24 18:54:30,identity(JudgementGiven)
518960-2,518960,0x348196e01b5ab6318a5d970d9e2ccb07ad0be9c43e1d7ff16cee571ae92bc4b9,2020-03-24 16:51:06,identity(IdentitySet)
500835-3,500835,0xeccb3a854f6e60a471c74b9078f535c6b44506b0924db3dcd165a4192d76abe6,2020-03-23 10:27:18,identity(JudgementGiven)
451308-3,451308,0xa554dd019a9fb8c1d9cacd2c1d8fb0e0ca0fb7e4d309ea69a220612fb4e09982,2020-03-19 23:27:24,identity(IdentitySet)
451291-2,451291,0xdb7ebcdd690c1a5ddb0cced5053f755a044b998168ce707bca17b71c32fefb6f,2020-03-19 23:25:42,identity(IdentitySet)
443912-2,443912,0xfd623912fab82e4f7c751961aada7b10a4f2193d8e371dc504f67e5857e8c817,2020-03-19 11:03:48,identity(JudgementRequested)
421172-3,421172,0xcdc5dc1abd613c9456ad8420d438f43a7d27f95500c26d20d0954a7b5617e471,2020-03-17 20:56:18,identity(JudgementGiven)
421152-3,421152,0x2e646687c16bca3a150fd285cf1f9493ad54dac9595e0e5215dbcd954f8a8aa4,2020-03-17 20:54:18,identity(IdentitySet)
419857-2,419857,0xe39012912082cd7011e4dd02202f0ebf22a5677b55234f4198db385a4ae6e8c8,2020-03-17 18:44:06,identity(JudgementGiven)
419848-3,419848,0x4fde2106cc07f0d300f11e8994a328616f99b81fa006c2fabbc13db5ebf4a423,2020-03-17 18:43:12,identity(JudgementGiven)
419838-2,419838,0xa86f5c28163aba1eb132aebf594ab6caacaacbcaebffb8b20c59a3793c2d9914,2020-03-17 18:42:12,identity(JudgementGiven)
419038-2,419038,0x547054b5db3dfe68486ee9ca7311d0c0e38a0f668565f9c60c09a20ddf73e81a,2020-03-17 17:21:54,identity(JudgementGiven)
419033-3,419033,0xd87f57108173a355874d2fbafdbcdf150aaf3f62a0edc99942fe973312881952,2020-03-17 17:21:24,identity(JudgementGiven)
419024-2,419024,0xb7c2b84c769041d426efecd9a020ec53f7c88783b2623970db32dabe098488cf,2020-03-17 17:20:30,identity(JudgementGiven)
419017-2,419017,0x900e013dfca9606f7db169d77df195ed8c65cb2965593947fe1dd49273b77757,2020-03-17 17:19:48,identity(JudgementGiven)
